date,axis,task_type,note_raw
2025-11-17,6,check_belts,Checked belts on axis 6.
2025-11-18,5,calibrate_joints,Calibrated joints on axis 5.
2025-11-19,1,replace_motor,Replaced motor on axis 1.
2025-11-19,6,check_belts,Checked belts on axis 6.
2025-11-17,4,lubricate_axis,Lubricated axis on axis 4.
2025-11-19,3,replace_motor,Replaced motor on axis 3.
2025-11-18,3,lubricate_axis,Lubricated axis on axis 3.
2025-11-18,4,lubricate_axis,Lubricated axis on axis 4.
2025-11-18,6,check_belts,Checked belts on axis 6.
2025-11-18,5,lubricate_axis,Lubricated axis on axis 5.
2025-11-19,4,,Inspected wiring on axis 4.
2025-11-17,2,check_belts,Checked belts on axis 2.
2025-11-17,3,lubricate_axis,Lubricated axis on axis 3.
2025-11-18,3,replace_motor,Replaced motor on axis 3.
2025-11-18,4,replace_motor,Replaced motor on axis 4.
2025-11-18,5,calibrate_joints,Calibrated joints on axis 5.
2025-11-18,5,replace_motor,Replaced motor on axis 5.
2025-11-19,3,check_belts,Checked belts on axis 3.
2025-11-17,4,,Inspected wiring on axis 4.
2025-11-18,3,,Inspected wiring on axis 3.
2025-11-18,5,replace_motor,Replaced motor on axis 5.
2025-11-18,2,replace_motor,Replaced motor on axis 2.
2025-11-18,5,clean_sensors,Cleaned sensors on axis 5.
2025-11-18,5,check_belts,Checked belts on axis 5.
2025-11-17,6,check_belts,Checked belts on axis 6.
2025-11-18,4,,Inspected wiring on axis 4.
2025-11-18,1,replace_motor,Replaced motor on axis 1.
2025-11-17,1,lubricate_axis,Lubricated axis on axis 1.
2025-11-18,5,calibrate_joints,Calibrated joints on axis 5.
2025-11-17,1,calibrate_joints,Calibrated joints on axis 1.
2025-11-18,2,lubricate_axis,Lubricated axis on axis 2.
2025-11-19,3,clean_sensors,Cleaned sensors on axis 3.
2025-11-18,5,,Inspected wiring on axis 5.
2025-11-17,1,,Inspected wiring on axis 1.
2025-11-17,2,lubricate_axis,Lubricated axis on axis 2.
2025-11-17,6,check_belts,Checked belts on axis 6.
2025-11-19,3,check_belts,Checked belts on axis 3.
2025-11-17,6,check_belts,Checked belts on axis 6.
2025-11-17,2,check_belts,Checked belts on axis 2.
2025-11-18,1,check_belts,Checked belts on axis 1.
2025-11-18,3,calibrate_joints,Calibrated joints on axis 3.
2025-11-19,5,calibrate_joints,Calibrated joints on axis 5.
2025-11-18,6,check_belts,Checked belts on axis 6.
2025-11-18,1,check_belts,Checked belts on axis 1.
2025-11-18,3,calibrate_joints,Calibrated joints on axis 3.
2025-11-17,4,calibrate_joints,Calibrated joints on axis 4.
2025-11-17,4,lubricate_axis,Lubricated axis on axis 4.
2025-11-17,1,replace_motor,Replaced motor on axis 1.
2025-11-18,2,check_belts,Checked belts on axis 2.
2025-11-19,4,calibrate_joints,Calibrated joints on axis 4.
2025-11-19,4,clean_sensors,Cleaned sensors on axis 4.
2025-11-17,3,lubricate_axis,Lubricated axis on axis 3.
2025-11-17,6,clean_sensors,Cleaned sensors on axis 6.
2025-11-19,2,replace_motor,Replaced motor on axis 2.
2025-11-18,1,calibrate_joints,Calibrated joints on axis 1.
2025-11-19,2,lubricate_axis,Lubricated axis on axis 2.
2025-11-19,3,calibrate_joints,Calibrated joints on axis 3.
2025-11-19,3,,Inspected wiring on axis 3.
2025-11-17,5,replace_motor,Replaced motor on axis 5.
2025-11-17,1,calibrate_joints,Calibrated joints on axis 1.
